,valence,arousal,sliderThetaSub,sliderVertexNum,sliderLengthCoefficient,sliderAmplitude,sliderThetaBeat,sliderHue
valence,,0.7362328955064584,3.1731799652320713e-35,3.1729651951582984e-35,1.321254218167522e-29,9.460084761952128e-17,3.219983056972082e-35,3.171505134154181e-35
arousal,0.7362328955064584,,3.1729651951582984e-35,3.172879291093895e-35,1.4237931089786215e-32,1.561581470686205e-23,3.1722780260782644e-35,3.1605327304915985e-35
sliderThetaSub,3.1730940555032777e-35,3.172922242842861e-35,,1.242827699127105e-26,3.168372508158492e-35,3.1689301523752605e-35,3.214322398209264e-35,3.1722780260782644e-35
sliderVertexNum,3.173008148040167e-35,3.172922242842861e-35,9.108314554249514e-27,,3.160489942135063e-35,3.1657142890726185e-35,3.1355394706519715e-35,3.172406859236693e-35
sliderLengthCoefficient,3.7975694592838104e-30,1.6174942014274766e-32,3.168072277792362e-35,3.158565050053279e-35,,4.9534982770308305e-25,4.59435172213562e-35,3.1722350828246763e-35
sliderAmplitude,7.221134226912688e-17,2.217805227890194e-23,3.168887253271959e-35,3.1644716744256506e-35,3.214735992270612e-25,,4.946952491672191e-35,3.171719807952416e-35
sliderThetaBeat,3.2198523169852667e-35,3.1721491980165067e-35,3.21554079729652e-35,3.1185535156644726e-35,4.5926558730912804e-35,4.949183031568495e-35,,3.1709470485199536e-35
sliderHue,1.2274334743763775e-31,4.418191382075931e-31,3.4521650900857334e-21,3.136160162899562e-25,3.0603278395553504e-29,3.563888620537074e-29,5.046011107558952e-29,
