,valence,arousal,sliderThetaSub,sliderVertexNum,sliderLengthCoefficient,sliderAmplitude,sliderThetaBeat,sliderHue
valence,0.9999999999999999,0.022414522552164112,0.5537805734962364,-0.2999836942759386,-0.2446072756005717,0.026669367082885566,-0.005787884875412253,0.020438975360688255
arousal,0.022414522552164112,1.0,-0.01151717550688111,0.3087622426880957,0.2944057634186807,0.5738930213845227,0.8129897995508515,0.9998366908897622
sliderThetaSub,0.5537805734962366,-0.011517175506881111,1.0,-0.3157934673407059,-0.2768724894938188,-0.03297574999004663,-0.009875423716963956,-0.014059665357604388
sliderVertexNum,-0.2999836942759386,0.3087622426880957,-0.3157934673407059,1.0,0.5334586440600592,0.3101577738259558,0.3211482364035479,0.3093147743738618
sliderLengthCoefficient,-0.2446072756005717,0.29440576341868063,-0.2768724894938188,0.5334586440600592,1.0,0.17370369741236216,0.3143039621098071,0.29646433040180853
sliderAmplitude,0.026669367082885566,0.5738930213845226,-0.03297574999004662,0.3101577738259558,0.1737036974123622,1.0,0.5046008446861221,0.5728071870858984
sliderThetaBeat,-0.005787884875412253,0.8129897995508515,-0.009875423716963956,0.32114823640354795,0.3143039621098071,0.5046008446861221,0.9999999999999999,0.8142421181788779
sliderHue,0.02043897536068825,0.9998366908897622,-0.014059665357604386,0.3093147743738618,0.29646433040180853,0.5728071870858985,0.8142421181788778,1.0
