,valence,arousal,sliderThetaSub,sliderVertexNum,sliderLengthCoefficient,sliderAmplitude,sliderThetaBeat,sliderHue
valence,0.9999999999999999,0.022414522552164112,0.5670553725964713,-0.3138620828889668,-0.22896682692503623,0.060263195699201605,0.013740229035658367,-0.15682312412270805
arousal,0.022414522552164112,1.0,-0.009140585401499667,0.28774627494127636,0.30654859312870447,0.5675751164167238,0.7959675951376866,-0.09787059784560424
sliderThetaSub,0.5670553725964713,-0.009140585401499667,1.0,-0.3274576043851089,-0.2675727322107702,-0.0272337521662388,-0.02910699403620025,0.031097710920658262
sliderVertexNum,-0.3138620828889668,0.28774627494127636,-0.3274576043851089,1.0,0.5506776938316429,0.3075767564279504,0.31182683127054955,0.07677688238022888
sliderLengthCoefficient,-0.22896682692503623,0.3065485931287044,-0.2675727322107702,0.550677693831643,1.0,0.15024905336980426,0.31745482502592265,0.015265613442780109
sliderAmplitude,0.06026319569920161,0.5675751164167238,-0.0272337521662388,0.3075767564279504,0.15024905336980426,1.0,0.49752278796189847,0.06571833741307605
sliderThetaBeat,0.013740229035658367,0.7959675951376866,-0.029106994036200245,0.31182683127054955,0.31745482502592265,0.49752278796189847,1.0,0.009329983507166585
sliderHue,-0.15682312412270805,-0.09787059784560424,0.031097710920658262,0.07677688238022888,0.015265613442780109,0.06571833741307605,0.009329983507166585,1.0
