,valence,arousal,sliderThetaSub,sliderVertexNum,sliderLengthCoefficient,sliderAmplitude,sliderThetaBeat,sliderHue
valence,0.0,0.7503209543278662,8.618975652911493e-18,1.3059077602248002e-05,0.00042198652590442017,0.7049541201168801,0.9345192877741666,0.7716912011338604
arousal,0.7503209543278662,0.0,0.8701304548142245,7.016676135974274e-06,1.9179937696320402e-05,2.8942936236896337e-19,2.4767531800757196e-49,0.0
sliderThetaSub,8.618975652911367e-18,0.8701304548142245,0.0,4.204624078156292e-06,6.1006523808905354e-05,0.6396264383903987,0.8885130632130853,0.8418027329703694
sliderVertexNum,1.3059077602248002e-05,7.016676135974274e-06,4.204624078156292e-06,0.0,2.124280672807844e-16,6.345122215685675e-06,2.8217663749850096e-06,6.743094829282095e-06
sliderLengthCoefficient,0.00042198652590442017,1.917993769632051e-05,6.1006523808905354e-05,2.124280672807844e-16,0.0,0.012967605246213442,4.691545021123314e-06,1.665870786394706e-05
sliderAmplitude,0.7049541201168801,2.8942936236896756e-19,0.6396264383903989,6.345122215685675e-06,0.012967605246213414,0.0,1.4118439304487815e-14,3.497066001030908e-19
sliderThetaBeat,0.9345192877741666,2.4767531800757196e-49,0.8885130632130853,2.8217663749849892e-06,4.691545021123314e-06,1.4118439304487815e-14,0.0,1.3452090089434145e-49
sliderHue,0.7716912011338604,0.0,0.8418027329703694,6.743094829282095e-06,1.665870786394706e-05,3.497066001030807e-19,1.3452090089434916e-49,0.0
