,valence,arousal,sliderThetaSub,sliderVertexNum,sliderLengthCoefficient,sliderAmplitude,sliderThetaBeat,sliderHue
valence,0.0,0.7503209543278662,9.416846544072704e-19,4.846011314250664e-06,0.0009874574249789426,0.39187605087925137,0.8453514424449614,0.025091132995157094
arousal,0.7503209543278662,0.0,0.8967609337555618,3.0036693844848853e-05,8.222085297991377e-06,8.617386412647608e-19,6.4620579240469e-46,0.16373240042466108
sliderThetaSub,9.416846544072704e-19,0.8967609337555618,0.0,1.7463418510783122e-06,0.00010928114306197616,0.6990099016347711,0.6794131804024675,0.6588208986475806
sliderVertexNum,4.846011314250664e-06,3.0036693844848853e-05,1.7463418510783122e-06,0.0,1.4259313040107954e-17,7.63963346790656e-06,5.622025273402971e-06,0.2750675465551334
sliderLengthCoefficient,0.0009874574249789426,8.222085297991406e-06,0.00010928114306197616,1.4259313040107954e-17,0.0,0.031953611391353005,3.7183068001123184e-06,0.8284348142505167
sliderAmplitude,0.39187605087925137,8.617386412647608e-19,0.6990099016347711,7.63963346790656e-06,0.031953611391353005,0.0,3.725081619787217e-14,0.3503617520356316
sliderThetaBeat,0.8453514424449614,6.4620579240469e-46,0.6794131804024676,5.622025273402971e-06,3.7183068001123184e-06,3.725081619787217e-14,0.0,0.8946340219486277
sliderHue,0.025091132995157094,0.16373240042466108,0.6588208986475806,0.2750675465551334,0.8284348142505167,0.3503617520356316,0.8946340219486277,0.0
